relative_path,source_url,sha256,size_bytes,date_obs,wavelength_angstrom,shape_y,shape_x,exptime_s,wcs_valid
2017-04-01/0094/aia_synoptic.0094.20170401_212000.fits,https://sdo.oma.be/data/aia_synoptic/0094/2017/04/01/aia_synoptic.0094.20170401_212000.fits,82ac3d446a6d0193c80f4d7f9899eccbeb61d08fd1178905ba367c8db95d0678,722880,2017-04-01T21:19:59.120000Z,94,1024,1024,2.900838,true
2017-04-01/0094/aia_synoptic.0094.20170401_213600.fits,https://sdo.oma.be/data/aia_synoptic/0094/2017/04/01/aia_synoptic.0094.20170401_213600.fits,3fe70a259370a521cdb678665c37118a72ab3acf276c8e17ce42d651c718f189,722880,2017-04-01T21:35:59.120000Z,94,1024,1024,2.900837,true
2017-04-01/0094/aia_synoptic.0094.20170401_220000.fits,https://sdo.oma.be/data/aia_synoptic/0094/2017/04/01/aia_synoptic.0094.20170401_220000.fits,dc02a9df2d35fbea18bbcdf91bdc422364c6dd3b24d25e892a0d4746e6e65164,731520,2017-04-01T21:59:59.110000Z,94,1024,1024,2.90084,true
2017-04-01/0131/aia_synoptic.0131.20170401_212000.fits,https://sdo.oma.be/data/aia_synoptic/0131/2017/04/01/aia_synoptic.0131.20170401_212000.fits,9976576ccc1580638811f5565e0de2c9cd30b2a4e87ee7d0919e00a239c26a36,861120,2017-04-01T21:20:06.620000Z,131,1024,1024,2.901338,true
2017-04-01/0131/aia_synoptic.0131.20170401_213600.fits,https://sdo.oma.be/data/aia_synoptic/0131/2017/04/01/aia_synoptic.0131.20170401_213600.fits,280c6ad2b165605529fd5ef32da770402bdc2aa2edc5ea1f17dc75c5be224725,861120,2017-04-01T21:36:06.620000Z,131,1024,1024,2.901341,true
2017-04-01/0131/aia_synoptic.0131.20170401_220000.fits,https://sdo.oma.be/data/aia_synoptic/0131/2017/04/01/aia_synoptic.0131.20170401_220000.fits,c8ad8f04c3c5317f2301c9defba8351f595b2eeec033ba54b54c08410345cf7e,725760,2017-04-01T22:00:10.300000Z,131,1024,1024,0.210231,true
2017-04-01/0171/aia_synoptic.0171.20170401_212000.fits,https://sdo.oma.be/data/aia_synoptic/0171/2017/04/01/aia_synoptic.0171.20170401_212000.fits,b7d3b487451cd1788062fcc5b1488e97bce8828e1bf2d81439eb289c05e85227,1192320,2017-04-01T21:20:09.350000Z,171,1024,1024,2.000171,true
2017-04-01/0171/aia_synoptic.0171.20170401_212400.fits,https://sdo.oma.be/data/aia_synoptic/0171/2017/04/01/aia_synoptic.0171.20170401_212400.fits,b5160d3a3beb349a67620ea8bdb020275faa808504bef9cd5601d71f38704b19,1192320,2017-04-01T21:24:09.350000Z,171,1024,1024,2.000168,true
2017-04-01/0171/aia_synoptic.0171.20170401_212800.fits,https://sdo.oma.be/data/aia_synoptic/0171/2017/04/01/aia_synoptic.0171.20170401_212800.fits,5769ce66dba94876aaadac8c14311b2b9ad284540c1382f6154ee4ec1edc1ae4,1192320,2017-04-01T21:28:09.350000Z,171,1024,1024,2.000168,true
2017-04-01/0171/aia_synoptic.0171.20170401_213000.fits,https://sdo.oma.be/data/aia_synoptic/0171/2017/04/01/aia_synoptic.0171.20170401_213000.fits,9ff64e9b1d4f23a622280a4c4a1ca46b0018f7aeded0ab06b589a77d97c509fc,1192320,2017-04-01T21:30:09.350000Z,171,1024,1024,2.000168,true
2017-04-01/0171/aia_synoptic.0171.20170401_213200.fits,https://sdo.oma.be/data/aia_synoptic/0171/2017/04/01/aia_synoptic.0171.20170401_213200.fits,976b0364492eb0676d232d821a539589f89b39ea8d80865a493176a8f4a9ccb0,1192320,2017-04-01T21:32:09.350000Z,171,1024,1024,2.000168,true
2017-04-01/0171/aia_synoptic.0171.20170401_213400.fits,https://sdo.oma.be/data/aia_synoptic/0171/2017/04/01/aia_synoptic.0171.20170401_213400.fits,633e2e3cb1f7c9ef3ca66a756c1b6babd1734f7a013b2062916c7aeb28d98a73,1192320,2017-04-01T21:34:09.350000Z,171,1024,1024,2.00017,true
2017-04-01/0171/aia_synoptic.0171.20170401_213600.fits,https://sdo.oma.be/data/aia_synoptic/0171/2017/04/01/aia_synoptic.0171.20170401_213600.fits,0da917bb40d402223097f9abac032d6ed4f4ed109935101c85f37f7254fcce2d,1192320,2017-04-01T21:36:09.350000Z,171,1024,1024,2.000169,true
2017-04-01/0171/aia_synoptic.0171.20170401_213800.fits,https://sdo.oma.be/data/aia_synoptic/0171/2017/04/01/aia_synoptic.0171.20170401_213800.fits,51726502bd85306612ae9474747a868c89d194d298c7ba048e93a538c2539e45,1192320,2017-04-01T21:38:09.350000Z,171,1024,1024,2.000168,true
2017-04-01/0171/aia_synoptic.0171.20170401_214000.fits,https://sdo.oma.be/data/aia_synoptic/0171/2017/04/01/aia_synoptic.0171.20170401_214000.fits,c295aa901e84c7080d5c2f649cc50c1df34857d7d73d0d1941273c8541bcb9be,1192320,2017-04-01T21:40:09.350000Z,171,1024,1024,2.000169,true
2017-04-01/0171/aia_synoptic.0171.20170401_214200.fits,https://sdo.oma.be/data/aia_synoptic/0171/2017/04/01/aia_synoptic.0171.20170401_214200.fits,88512d937619e442d6d11591b7011bf2f18c3c44af79b4327cd667c2266161b8,1192320,2017-04-01T21:42:09.350000Z,171,1024,1024,2.000165,true
2017-04-01/0171/aia_synoptic.0171.20170401_214400.fits,https://sdo.oma.be/data/aia_synoptic/0171/2017/04/01/aia_synoptic.0171.20170401_214400.fits,4da4058b8195a4a579c12bda56aa3966d597413fbe1fed155fafa5aaf797b786,1195200,2017-04-01T21:44:09.350000Z,171,1024,1024,2.000166,true
2017-04-01/0171/aia_synoptic.0171.20170401_214600.fits,https://sdo.oma.be/data/aia_synoptic/0171/2017/04/01/aia_synoptic.0171.20170401_214600.fits,c15926bf4590fdf398ae3bfe3b5317e022c1595044ee1fc8cc37cdfc850f7836,1195200,2017-04-01T21:46:09.350000Z,171,1024,1024,2.000167,true
2017-04-01/0171/aia_synoptic.0171.20170401_214800.fits,https://sdo.oma.be/data/aia_synoptic/0171/2017/04/01/aia_synoptic.0171.20170401_214800.fits,71f60c5af47152389e5f9655f31c7cf0cbe1c5d520a02eed88180903be913e97,1195200,2017-04-01T21:48:09.350000Z,171,1024,1024,2.000168,true
2017-04-01/0171/aia_synoptic.0171.20170401_215000.fits,https://sdo.oma.be/data/aia_synoptic/0171/2017/04/01/aia_synoptic.0171.20170401_215000.fits,2ae4fe141ca1817999e7c9314845395b1ffe5e2f930fa732bd701c27c7a2b18a,1195200,2017-04-01T21:50:09.340000Z,171,1024,1024,2.000169,true
2017-04-01/0171/aia_synoptic.0171.20170401_215200.fits,https://sdo.oma.be/data/aia_synoptic/0171/2017/04/01/aia_synoptic.0171.20170401_215200.fits,f93389fb896b39e09d87a72eb063ea98edc6681414c7dc6df9fb1b14cae5b492,1195200,2017-04-01T21:52:09.350000Z,171,1024,1024,2.000169,true
2017-04-01/0171/aia_synoptic.0171.20170401_215400.fits,https://sdo.oma.be/data/aia_synoptic/0171/2017/04/01/aia_synoptic.0171.20170401_215400.fits,414f38a55813bebff4eb873c774aa8e56c86b764b07d281a67a1947fadcaf16a,1195200,2017-04-01T21:54:09.350000Z,171,1024,1024,2.000168,true
2017-04-01/0171/aia_synoptic.0171.20170401_215600.fits,https://sdo.oma.be/data/aia_synoptic/0171/2017/04/01/aia_synoptic.0171.20170401_215600.fits,0e061b69a480a89381edf0c2d2d524eca9dbf5f22e12c5d6b2a2f316679ca519,1195200,2017-04-01T21:56:09.350000Z,171,1024,1024,2.000168,true
2017-04-01/0171/aia_synoptic.0171.20170401_215800.fits,https://sdo.oma.be/data/aia_synoptic/0171/2017/04/01/aia_synoptic.0171.20170401_215800.fits,cc417f7a4dfadf764468793b0ecd0e9ecfeb059b01d223e6db4a4a72038a35dc,1195200,2017-04-01T21:58:09.350000Z,171,1024,1024,2.000167,true
2017-04-01/0171/aia_synoptic.0171.20170401_220000.fits,https://sdo.oma.be/data/aia_synoptic/0171/2017/04/01/aia_synoptic.0171.20170401_220000.fits,2a132f81fb863e89c1dc37dc0a28bb36d7953b384cb5039c4fb9198f49d6851a,1195200,2017-04-01T22:00:09.350000Z,171,1024,1024,2.000166,true
2017-04-01/0171/aia_synoptic.0171.20170401_220200.fits,https://sdo.oma.be/data/aia_synoptic/0171/2017/04/01/aia_synoptic.0171.20170401_220200.fits,e7fef70b389d515dfe9cacc517cdef5fef7895355dc2ea046a48747f2525b441,1195200,2017-04-01T22:02:09.350000Z,171,1024,1024,2.000151,true
2017-04-01/0171/aia_synoptic.0171.20170401_220400.fits,https://sdo.oma.be/data/aia_synoptic/0171/2017/04/01/aia_synoptic.0171.20170401_220400.fits,c67a6230ec3a91a17f80dbc02b9c87c1fa4d1d0fb82d4b75ec22d202f332ad60,1195200,2017-04-01T22:04:09.350000Z,171,1024,1024,2.00017,true
2017-04-01/0171/aia_synoptic.0171.20170401_220600.fits,https://sdo.oma.be/data/aia_synoptic/0171/2017/04/01/aia_synoptic.0171.20170401_220600.fits,0784b426b8f34c4efe5a1122d8c3db4697c728af7493d4091eb6dbd44461e14b,1195200,2017-04-01T22:06:09.350000Z,171,1024,1024,2.000171,true
2017-04-01/0171/aia_synoptic.0171.20170401_220800.fits,https://sdo.oma.be/data/aia_synoptic/0171/2017/04/01/aia_synoptic.0171.20170401_220800.fits,79a2b4139e61e5366ced7592a728e4dff1d17ed3ab0ef9d0247acc27229862cd,1192320,2017-04-01T22:08:09.350000Z,171,1024,1024,2.000172,true
2017-04-01/0171/aia_synoptic.0171.20170401_221200.fits,https://sdo.oma.be/data/aia_synoptic/0171/2017/04/01/aia_synoptic.0171.20170401_221200.fits,6b10ccb7e3fdc65a6172759ff0522d2a7e1a74547ad0084ee8887e05c964ef20,1192320,2017-04-01T22:12:09.350000Z,171,1024,1024,2.000168,true
2017-04-01/0171/aia_synoptic.0171.20170401_221600.fits,https://sdo.oma.be/data/aia_synoptic/0171/2017/04/01/aia_synoptic.0171.20170401_221600.fits,dc7bf562ae27deb43737199f19a0997e89262b90d90c1826ce5c2cfbfede2e8f,1192320,2017-04-01T22:16:09.350000Z,171,1024,1024,2.000169,true
2017-04-01/0171/aia_synoptic.0171.20170401_222000.fits,https://sdo.oma.be/data/aia_synoptic/0171/2017/04/01/aia_synoptic.0171.20170401_222000.fits,040aaccc65e566271952b0b3f23e2067cd4add5865c0acd44abed0ebc7da2391,1192320,2017-04-01T22:20:09.350000Z,171,1024,1024,2.000171,true
2017-04-01/0193/aia_synoptic.0193.20170401_212000.fits,https://sdo.oma.be/data/aia_synoptic/0193/2017/04/01/aia_synoptic.0193.20170401_212000.fits,d0f86335819c5fe8f1564c00366127ab65b9721bbd52eb89956f22554aa9ad50,1146240,2017-04-01T21:20:04.850000Z,193,1024,1024,1.999622,true
2017-04-01/0193/aia_synoptic.0193.20170401_212400.fits,https://sdo.oma.be/data/aia_synoptic/0193/2017/04/01/aia_synoptic.0193.20170401_212400.fits,cddf65e58d7fc635425f033853191332200f892e1d4af6211636a3f83e052744,1146240,2017-04-01T21:24:04.850000Z,193,1024,1024,1.999621,true
2017-04-01/0193/aia_synoptic.0193.20170401_212800.fits,https://sdo.oma.be/data/aia_synoptic/0193/2017/04/01/aia_synoptic.0193.20170401_212800.fits,feb407fdee0beb30cfa5a343c48dee6e911e3f9bcc94bad926ab8617bd576684,1146240,2017-04-01T21:28:04.850000Z,193,1024,1024,1.999623,true
2017-04-01/0193/aia_synoptic.0193.20170401_213000.fits,https://sdo.oma.be/data/aia_synoptic/0193/2017/04/01/aia_synoptic.0193.20170401_213000.fits,d598fcb8e1340c6acc902ba336e3fff9c606b6e3158ed7c47f73b7ff3ec56710,1146240,2017-04-01T21:30:04.850000Z,193,1024,1024,1.999623,true
2017-04-01/0193/aia_synoptic.0193.20170401_213200.fits,https://sdo.oma.be/data/aia_synoptic/0193/2017/04/01/aia_synoptic.0193.20170401_213200.fits,9de70d4bfdc2b759a30e32867a850874d74814bc898e11c767b750bed44e2370,1146240,2017-04-01T21:32:04.850000Z,193,1024,1024,1.999624,true
2017-04-01/0193/aia_synoptic.0193.20170401_213400.fits,https://sdo.oma.be/data/aia_synoptic/0193/2017/04/01/aia_synoptic.0193.20170401_213400.fits,535f8d5a8b20a70db7acc4db4175077811031f3d3eb9eacf76eaa3be341a8236,1146240,2017-04-01T21:34:04.850000Z,193,1024,1024,1.999623,true
2017-04-01/0193/aia_synoptic.0193.20170401_213600.fits,https://sdo.oma.be/data/aia_synoptic/0193/2017/04/01/aia_synoptic.0193.20170401_213600.fits,3f82d92e773748e2eac8cdc8cc40683c507c66d31f2239234b330b133a3a6988,1146240,2017-04-01T21:36:04.850000Z,193,1024,1024,1.999624,true
2017-04-01/0193/aia_synoptic.0193.20170401_213800.fits,https://sdo.oma.be/data/aia_synoptic/0193/2017/04/01/aia_synoptic.0193.20170401_213800.fits,d6458493c283fba6aa3a5b54175cdaadabbda8610230edae6fabe38da1a4d4a0,1146240,2017-04-01T21:38:04.850000Z,193,1024,1024,1.999623,true
2017-04-01/0193/aia_synoptic.0193.20170401_214000.fits,https://sdo.oma.be/data/aia_synoptic/0193/2017/04/01/aia_synoptic.0193.20170401_214000.fits,4604d232921c7cc27bea86d5098c154684c132b5bd975021f93798e58c6b98df,973440,2017-04-01T21:40:06.940000Z,193,1024,1024,0.479998,true
2017-04-01/0193/aia_synoptic.0193.20170401_214200.fits,https://sdo.oma.be/data/aia_synoptic/0193/2017/04/01/aia_synoptic.0193.20170401_214200.fits,a0c5735751301fb1ae1386cec1f862ade6cd09737d93f23273f782f62d33d992,887040,2017-04-01T21:42:07.320000Z,193,1024,1024,0.197348,true
2017-04-01/0193/aia_synoptic.0193.20170401_214400.fits,https://sdo.oma.be/data/aia_synoptic/0193/2017/04/01/aia_synoptic.0193.20170401_214400.fits,d1ab8d4e8e0a71f5581c438406b1d800a21db6380f1919f002c9ad91554f5017,976320,2017-04-01T21:44:06.920000Z,193,1024,1024,0.492289,true
2017-04-01/0193/aia_synoptic.0193.20170401_214600.fits,https://sdo.oma.be/data/aia_synoptic/0193/2017/04/01/aia_synoptic.0193.20170401_214600.fits,d0988e83237279d2c1c819ae47f2b19a1c3762d2cece4761bc8c3026c60b9485,889920,2017-04-01T21:46:07.320000Z,193,1024,1024,0.201439,true
2017-04-01/0193/aia_synoptic.0193.20170401_214800.fits,https://sdo.oma.be/data/aia_synoptic/0193/2017/04/01/aia_synoptic.0193.20170401_214800.fits,b2936ecfa0e3140a1bcc3dc2c240792c71163aeb3bc87a9b66af42036c54369d,823680,2017-04-01T21:48:07.480000Z,193,1024,1024,0.084584,true
2017-04-01/0193/aia_synoptic.0193.20170401_215000.fits,https://sdo.oma.be/data/aia_synoptic/0193/2017/04/01/aia_synoptic.0193.20170401_215000.fits,a65b1492b6c6d18b85c29908b12e7f211b522aded63da97749823fc40534b4b9,895680,2017-04-01T21:50:07.300000Z,193,1024,1024,0.210076,true
2017-04-01/0193/aia_synoptic.0193.20170401_215200.fits,https://sdo.oma.be/data/aia_synoptic/0193/2017/04/01/aia_synoptic.0193.20170401_215200.fits,5dceabf4e18d0766014e1742ee91becfb1d5307cbc223d4f152123b6df3f103e,820800,2017-04-01T21:52:07.480000Z,193,1024,1024,0.084137,true
2017-04-01/0193/aia_synoptic.0193.20170401_215400.fits,https://sdo.oma.be/data/aia_synoptic/0193/2017/04/01/aia_synoptic.0193.20170401_215400.fits,b3308f10b967eddfde790c85d31b36f2d26c2ff22662dc2053fe32128198f502,895680,2017-04-01T21:54:07.300000Z,193,1024,1024,0.209662,true
2017-04-01/0193/aia_synoptic.0193.20170401_215600.fits,https://sdo.oma.be/data/aia_synoptic/0193/2017/04/01/aia_synoptic.0193.20170401_215600.fits,6e6f35e17ded37cac25e83dca8e3361b75c934d48a8226d0e1bc762519f08e0c,820800,2017-04-01T21:56:07.480000Z,193,1024,1024,0.084584,true
2017-04-01/0193/aia_synoptic.0193.20170401_215800.fits,https://sdo.oma.be/data/aia_synoptic/0193/2017/04/01/aia_synoptic.0193.20170401_215800.fits,c982647c73b9f8eef7900b7dc9a788c7c5f1e039ad2c2403ccf03755af92104b,892800,2017-04-01T21:58:07.300000Z,193,1024,1024,0.210079,true
2017-04-01/0193/aia_synoptic.0193.20170401_220000.fits,https://sdo.oma.be/data/aia_synoptic/0193/2017/04/01/aia_synoptic.0193.20170401_220000.fits,b8c61270b77a65ec1fdabc3a1e5a4d2fbbcc3d216db7ae2a1e74ffb968f82c3b,820800,2017-04-01T22:00:07.480000Z,193,1024,1024,0.08415,true
2017-04-01/0193/aia_synoptic.0193.20170401_220200.fits,https://sdo.oma.be/data/aia_synoptic/0193/2017/04/01/aia_synoptic.0193.20170401_220200.fits,ab5d060b4dd32b1256894486445e64cb93a75aad02f8b351d40ec408f72ea6a1,892800,2017-04-01T22:02:07.300000Z,193,1024,1024,0.20966,true
2017-04-01/0193/aia_synoptic.0193.20170401_220400.fits,https://sdo.oma.be/data/aia_synoptic/0193/2017/04/01/aia_synoptic.0193.20170401_220400.fits,fcc003f52d8c8166b0047bbd35cd0fb6cbaf57adfc59b588fb5727df920b7b6b,820800,2017-04-01T22:04:07.480000Z,193,1024,1024,0.084139,true
2017-04-01/0193/aia_synoptic.0193.20170401_220600.fits,https://sdo.oma.be/data/aia_synoptic/0193/2017/04/01/aia_synoptic.0193.20170401_220600.fits,26fb73e283793cce69a3741af089d3cdc9ef17bc3734d4bcc29c07f2a1414ce4,892800,2017-04-01T22:06:07.300000Z,193,1024,1024,0.209661,true
2017-04-01/0193/aia_synoptic.0193.20170401_220800.fits,https://sdo.oma.be/data/aia_synoptic/0193/2017/04/01/aia_synoptic.0193.20170401_220800.fits,197b239ae0565d8c4ea36764804762cdaf0f5b7249ab571c384f3ab95b17ed4f,820800,2017-04-01T22:08:07.480000Z,193,1024,1024,0.084133,true
2017-04-01/0193/aia_synoptic.0193.20170401_221200.fits,https://sdo.oma.be/data/aia_synoptic/0193/2017/04/01/aia_synoptic.0193.20170401_221200.fits,afba707db84ae0bcf79d25ded05f0348da7b37756dcadc031f97f2e4d0b7d163,984960,2017-04-01T22:12:06.860000Z,193,1024,1024,0.537354,true
2017-04-01/0193/aia_synoptic.0193.20170401_221600.fits,https://sdo.oma.be/data/aia_synoptic/0193/2017/04/01/aia_synoptic.0193.20170401_221600.fits,cd39f6ca9cbb32af1ea3859348c6809c71c02dc5955f823ed283077103aa0b9e,987840,2017-04-01T22:16:06.840000Z,193,1024,1024,0.549638,true
2017-04-01/0193/aia_synoptic.0193.20170401_222000.fits,https://sdo.oma.be/data/aia_synoptic/0193/2017/04/01/aia_synoptic.0193.20170401_222000.fits,6b86d3f4570949ccfcf0cfde9cb189021b4b5264a45766f3f01f2368135d0c47,990720,2017-04-01T22:20:06.820000Z,193,1024,1024,0.561925,true
2017-04-01/0211/aia_synoptic.0211.20170401_212000.fits,https://sdo.oma.be/data/aia_synoptic/0211/2017/04/01/aia_synoptic.0211.20170401_212000.fits,ac02e07884f99b1c481785068af106312b6436d565bd6edceafa4d566f49459a,1019520,2017-04-01T21:19:57.630000Z,211,1024,1024,2.901193,true
2017-04-01/0211/aia_synoptic.0211.20170401_213600.fits,https://sdo.oma.be/data/aia_synoptic/0211/2017/04/01/aia_synoptic.0211.20170401_213600.fits,08b892e605d7d1631cf782485583786358b7af35a6f0b58e8efc69fd1012cd06,1019520,2017-04-01T21:35:57.630000Z,211,1024,1024,2.901195,true
2017-04-01/0211/aia_synoptic.0211.20170401_220000.fits,https://sdo.oma.be/data/aia_synoptic/0211/2017/04/01/aia_synoptic.0211.20170401_220000.fits,16dc8648a87f55ccba9edddcbbf3c6c6e7408163ceb6a23b595b85ea033719da,1022400,2017-04-01T21:59:57.620000Z,211,1024,1024,2.901221,true
2017-04-01/0335/aia_synoptic.0335.20170401_212000.fits,https://sdo.oma.be/data/aia_synoptic/0335/2017/04/01/aia_synoptic.0335.20170401_212000.fits,700d8e5daac6fccc43ecb813e0ecc789a1a682e59e204f89105752b1f8e01a9a,737280,2017-04-01T21:20:00.630000Z,335,1024,1024,2.900826,true
2017-04-01/0335/aia_synoptic.0335.20170401_213600.fits,https://sdo.oma.be/data/aia_synoptic/0335/2017/04/01/aia_synoptic.0335.20170401_213600.fits,6ea6300f5f5e304469d2d92d8c973fed22c29dcc72430bd6b81be09f66c4ba27,737280,2017-04-01T21:36:00.630000Z,335,1024,1024,2.900822,true
2017-04-01/0335/aia_synoptic.0335.20170401_220000.fits,https://sdo.oma.be/data/aia_synoptic/0335/2017/04/01/aia_synoptic.0335.20170401_220000.fits,46d5e7ee946475f0c70c8025de47e62ada068a851a5b0eedc4cc4486d534d5da,740160,2017-04-01T22:00:00.620000Z,335,1024,1024,2.900798,true
2017-04-03/0094/aia_synoptic.0094.20170403_140400.fits,https://sdo.oma.be/data/aia_synoptic/0094/2017/04/03/aia_synoptic.0094.20170403_140400.fits,e030ea2029bdc8bbbabdf498ffbe98ec3dab704d85059281bb6e162f85b0fdfd,725760,2017-04-03T14:03:59.120000Z,94,1024,1024,2.900843,true
2017-04-03/0094/aia_synoptic.0094.20170403_142000.fits,https://sdo.oma.be/data/aia_synoptic/0094/2017/04/03/aia_synoptic.0094.20170403_142000.fits,f6e6d7a21171c83ae00e3ecfe0a75cbff25c9f7f718d8318778c4ddd68c8bdc4,725760,2017-04-03T14:19:59.120000Z,94,1024,1024,2.900842,true
2017-04-03/0094/aia_synoptic.0094.20170403_144400.fits,https://sdo.oma.be/data/aia_synoptic/0094/2017/04/03/aia_synoptic.0094.20170403_144400.fits,68e258c454c85e8f8bbae5ccf72f67ec80526f8e4b84cbf7a187e66a88d838a7,731520,2017-04-03T14:43:59.120000Z,94,1024,1024,2.900843,true
2017-04-03/0131/aia_synoptic.0131.20170403_140400.fits,https://sdo.oma.be/data/aia_synoptic/0131/2017/04/03/aia_synoptic.0131.20170403_140400.fits,73aead1de8a2bff0f965654b80be2fb59df3cc35f24b27eca5b539221e298c2c,864000,2017-04-03T14:04:06.620000Z,131,1024,1024,2.90135,true
2017-04-03/0131/aia_synoptic.0131.20170403_142000.fits,https://sdo.oma.be/data/aia_synoptic/0131/2017/04/03/aia_synoptic.0131.20170403_142000.fits,7ef239df6ca378bd20ccdde42a9ce6f2fdfdd78eec661deb3461361731c77b0f,864000,2017-04-03T14:20:06.630000Z,131,1024,1024,2.901345,true
2017-04-03/0131/aia_synoptic.0131.20170403_144400.fits,https://sdo.oma.be/data/aia_synoptic/0131/2017/04/03/aia_synoptic.0131.20170403_144400.fits,a5d3476dc1d6677a39ea83e52a39d2f4f465d6031a17f457cdb2dbeba9b3f4e7,771840,2017-04-03T14:44:09.600000Z,131,1024,1024,0.718117,true
2017-04-03/0171/aia_synoptic.0171.20170403_140400.fits,https://sdo.oma.be/data/aia_synoptic/0171/2017/04/03/aia_synoptic.0171.20170403_140400.fits,518c1f69e05b5dc250729ecea1adf1fe08717eed6c5c3299ba7512d029ee21fb,1198080,2017-04-03T14:04:09.350000Z,171,1024,1024,2.00018,true
2017-04-03/0171/aia_synoptic.0171.20170403_140800.fits,https://sdo.oma.be/data/aia_synoptic/0171/2017/04/03/aia_synoptic.0171.20170403_140800.fits,152a6acc9697c769149d7b8e833222643630ff1668640f4e0b6770474ccd4ad1,1198080,2017-04-03T14:08:09.350000Z,171,1024,1024,2.000181,true
2017-04-03/0171/aia_synoptic.0171.20170403_141200.fits,https://sdo.oma.be/data/aia_synoptic/0171/2017/04/03/aia_synoptic.0171.20170403_141200.fits,6240d71320c93b209783947706cd5dc226415457d143ab7453039bec736d6681,1198080,2017-04-03T14:12:09.350000Z,171,1024,1024,2.000183,true
2017-04-03/0171/aia_synoptic.0171.20170403_141400.fits,https://sdo.oma.be/data/aia_synoptic/0171/2017/04/03/aia_synoptic.0171.20170403_141400.fits,db110f3f9a122298d2378bf54b2fa7f2a720c62059a36ddabfeae2121b39d662,1198080,2017-04-03T14:14:09.350000Z,171,1024,1024,2.00018,true
2017-04-03/0171/aia_synoptic.0171.20170403_141600.fits,https://sdo.oma.be/data/aia_synoptic/0171/2017/04/03/aia_synoptic.0171.20170403_141600.fits,3179ccc6590fdec3fc1b72f2bb52f00881fb4ec4ed728d322dba907b5da1caef,1198080,2017-04-03T14:16:09.340000Z,171,1024,1024,2.000182,true
2017-04-03/0171/aia_synoptic.0171.20170403_141800.fits,https://sdo.oma.be/data/aia_synoptic/0171/2017/04/03/aia_synoptic.0171.20170403_141800.fits,8836b426602b2e9adce7d177003b63a6757c3edaa6cf604019cd6de59fd04086,1198080,2017-04-03T14:18:09.350000Z,171,1024,1024,2.00018,true
2017-04-03/0171/aia_synoptic.0171.20170403_142000.fits,https://sdo.oma.be/data/aia_synoptic/0171/2017/04/03/aia_synoptic.0171.20170403_142000.fits,27cf7c2223438d7967c8b58c181ede4c894611c07209bcdbfe6ec573158f9d4c,1198080,2017-04-03T14:20:09.340000Z,171,1024,1024,2.000181,true
2017-04-03/0171/aia_synoptic.0171.20170403_142200.fits,https://sdo.oma.be/data/aia_synoptic/0171/2017/04/03/aia_synoptic.0171.20170403_142200.fits,e1434944a19294a62ca4b49b1b853fd95d819a38a1417583d3c97ca0fb1bdb31,1198080,2017-04-03T14:22:09.350000Z,171,1024,1024,2.000181,true
2017-04-03/0171/aia_synoptic.0171.20170403_142400.fits,https://sdo.oma.be/data/aia_synoptic/0171/2017/04/03/aia_synoptic.0171.20170403_142400.fits,4210a1c6e2487f836b3e762047bc998efac0c37d7b2be356825d203ef9fd0fb7,1200960,2017-04-03T14:24:09.350000Z,171,1024,1024,2.000179,true
2017-04-03/0171/aia_synoptic.0171.20170403_142600.fits,https://sdo.oma.be/data/aia_synoptic/0171/2017/04/03/aia_synoptic.0171.20170403_142600.fits,610d1c8481254c6c22e259f47b543057cfc754a17366e7c4e394cf54d0f8ce69,1200960,2017-04-03T14:26:09.340000Z,171,1024,1024,2.000182,true
2017-04-03/0171/aia_synoptic.0171.20170403_142800.fits,https://sdo.oma.be/data/aia_synoptic/0171/2017/04/03/aia_synoptic.0171.20170403_142800.fits,71c05064f24fb284f098b7b997a809a265ba9df0ed581cde8112cb07e2ded95b,1200960,2017-04-03T14:28:09.350000Z,171,1024,1024,2.00018,true
2017-04-03/0171/aia_synoptic.0171.20170403_143000.fits,https://sdo.oma.be/data/aia_synoptic/0171/2017/04/03/aia_synoptic.0171.20170403_143000.fits,edc187fa2bd98e767f6ed52c195cb39c67dc7f3f87cc17a7c884ae357d798d6b,1200960,2017-04-03T14:30:09.350000Z,171,1024,1024,2.000184,true
2017-04-03/0171/aia_synoptic.0171.20170403_143200.fits,https://sdo.oma.be/data/aia_synoptic/0171/2017/04/03/aia_synoptic.0171.20170403_143200.fits,d38acfb301deabff37cafca4e748d807e067c1f0b7821519be102b8f87f76633,1200960,2017-04-03T14:32:09.350000Z,171,1024,1024,2.000185,true
2017-04-03/0171/aia_synoptic.0171.20170403_143400.fits,https://sdo.oma.be/data/aia_synoptic/0171/2017/04/03/aia_synoptic.0171.20170403_143400.fits,db05660072edabcc97a7cef17e8325ed906c21a056596d3a99e76608cab29d54,1200960,2017-04-03T14:34:09.360000Z,171,1024,1024,2.000139,true
2017-04-03/0171/aia_synoptic.0171.20170403_143600.fits,https://sdo.oma.be/data/aia_synoptic/0171/2017/04/03/aia_synoptic.0171.20170403_143600.fits,7b17b7eb5865deac822dbf4c598bf0b74209305c3f6bcec5b69af161bdf02649,1200960,2017-04-03T14:36:09.350000Z,171,1024,1024,2.000183,true
2017-04-03/0171/aia_synoptic.0171.20170403_143800.fits,https://sdo.oma.be/data/aia_synoptic/0171/2017/04/03/aia_synoptic.0171.20170403_143800.fits,7712d611be7e2a837dc7d1943adb8e5c6979f703541835cfa4a604132e600927,1200960,2017-04-03T14:38:09.350000Z,171,1024,1024,2.000183,true
2017-04-03/0171/aia_synoptic.0171.20170403_144000.fits,https://sdo.oma.be/data/aia_synoptic/0171/2017/04/03/aia_synoptic.0171.20170403_144000.fits,c4d3cc4b91e4f9e4f9576269521f3909082c22c2353b5ebd5f7bb8dd597c3bf3,1200960,2017-04-03T14:40:09.340000Z,171,1024,1024,2.000182,true
2017-04-03/0171/aia_synoptic.0171.20170403_144200.fits,https://sdo.oma.be/data/aia_synoptic/0171/2017/04/03/aia_synoptic.0171.20170403_144200.fits,0e546720ec05767d1000fd70957c0f769fd05403ad1a34df48caca10c4ea8add,1200960,2017-04-03T14:42:09.350000Z,171,1024,1024,2.000179,true
2017-04-03/0171/aia_synoptic.0171.20170403_144400.fits,https://sdo.oma.be/data/aia_synoptic/0171/2017/04/03/aia_synoptic.0171.20170403_144400.fits,f9ab95747d3e70106135b913c0c12cc2256638adf18a9848fd160bf791dbc8a1,1200960,2017-04-03T14:44:09.350000Z,171,1024,1024,2.000177,true
2017-04-03/0171/aia_synoptic.0171.20170403_144600.fits,https://sdo.oma.be/data/aia_synoptic/0171/2017/04/03/aia_synoptic.0171.20170403_144600.fits,d0a9f2fb0bbbd54dba229097649ac41ac73b890260bed97057d4a1f2e16246d1,1200960,2017-04-03T14:46:09.350000Z,171,1024,1024,2.000176,true
2017-04-03/0171/aia_synoptic.0171.20170403_144800.fits,https://sdo.oma.be/data/aia_synoptic/0171/2017/04/03/aia_synoptic.0171.20170403_144800.fits,bde083efbd45096f1b9f2d6f8a19d72a8b8ceba38e2994a22faff4f35495f605,1200960,2017-04-03T14:48:09.350000Z,171,1024,1024,2.000176,true
2017-04-03/0171/aia_synoptic.0171.20170403_145000.fits,https://sdo.oma.be/data/aia_synoptic/0171/2017/04/03/aia_synoptic.0171.20170403_145000.fits,d0e118c0f7ff29a2244d01a711621b1b6b834fdaee74a94cd3c61f5675e88742,1200960,2017-04-03T14:50:09.350000Z,171,1024,1024,2.000177,true
2017-04-03/0171/aia_synoptic.0171.20170403_145200.fits,https://sdo.oma.be/data/aia_synoptic/0171/2017/04/03/aia_synoptic.0171.20170403_145200.fits,8e8bf1f200aabb05fd53aa7804e2505285005de42ec326904da6bb32d5c50ecd,1200960,2017-04-03T14:52:09.350000Z,171,1024,1024,2.000178,true
2017-04-03/0171/aia_synoptic.0171.20170403_145600.fits,https://sdo.oma.be/data/aia_synoptic/0171/2017/04/03/aia_synoptic.0171.20170403_145600.fits,479d1dbbeaa73ef48953eccca69044d9d14004fdeca9dfcb82e28f7396ae7512,1200960,2017-04-03T14:56:09.350000Z,171,1024,1024,2.000174,true
2017-04-03/0171/aia_synoptic.0171.20170403_150000.fits,https://sdo.oma.be/data/aia_synoptic/0171/2017/04/03/aia_synoptic.0171.20170403_150000.fits,8f3a22b718cf7b4932dcbb4cb9affb93ad87a34ae7401ea45586eeacb53ec687,1200960,2017-04-03T15:00:09.340000Z,171,1024,1024,2.00017,true
2017-04-03/0171/aia_synoptic.0171.20170403_150400.fits,https://sdo.oma.be/data/aia_synoptic/0171/2017/04/03/aia_synoptic.0171.20170403_150400.fits,e9bf490232124f405c902b2a6a919e1274fe3736c13fef3244e67632e2fbd345,1200960,2017-04-03T15:04:09.350000Z,171,1024,1024,2.000181,true
2017-04-03/0193/aia_synoptic.0193.20170403_140400.fits,https://sdo.oma.be/data/aia_synoptic/0193/2017/04/03/aia_synoptic.0193.20170403_140400.fits,9de09700d245ffb3159bb5bc111bc740d17691105dafc0112484d379a5fd46aa,959040,2017-04-03T14:04:07.030000Z,193,1024,1024,0.410796,true
2017-04-03/0193/aia_synoptic.0193.20170403_140800.fits,https://sdo.oma.be/data/aia_synoptic/0193/2017/04/03/aia_synoptic.0193.20170403_140800.fits,6d8fbc3d0e6b3606442742c6d869bce16d9df5ad3d0fbe08736245cdbeabf436,1149120,2017-04-03T14:08:04.840000Z,193,1024,1024,2.00005,true
2017-04-03/0193/aia_synoptic.0193.20170403_141200.fits,https://sdo.oma.be/data/aia_synoptic/0193/2017/04/03/aia_synoptic.0193.20170403_141200.fits,3fe31dce120eb1ff3e689f94fbe7f5660494372ad9538b60038b95bba56a1511,1036800,2017-04-03T14:12:06.460000Z,193,1024,1024,0.828592,true
2017-04-03/0193/aia_synoptic.0193.20170403_141400.fits,https://sdo.oma.be/data/aia_synoptic/0193/2017/04/03/aia_synoptic.0193.20170403_141400.fits,0457debe7adcfa10477638ddba9d557eb7dfde4cca3288334db80e119190ddb1,1149120,2017-04-03T14:14:04.840000Z,193,1024,1024,2.00005,true
2017-04-03/0193/aia_synoptic.0193.20170403_141600.fits,https://sdo.oma.be/data/aia_synoptic/0193/2017/04/03/aia_synoptic.0193.20170403_141600.fits,fb7fe1be05a253d32ce23f23e88384a9d263a2363b8ca466934d8b9e113ba96f,1149120,2017-04-03T14:16:04.830000Z,193,1024,1024,2.000049,true
2017-04-03/0193/aia_synoptic.0193.20170403_141800.fits,https://sdo.oma.be/data/aia_synoptic/0193/2017/04/03/aia_synoptic.0193.20170403_141800.fits,66926d567a5614d714313f1d6817fc7eb43014b910421fa52d0b372870944994,1149120,2017-04-03T14:18:04.840000Z,193,1024,1024,2.000052,true
2017-04-03/0193/aia_synoptic.0193.20170403_142000.fits,https://sdo.oma.be/data/aia_synoptic/0193/2017/04/03/aia_synoptic.0193.20170403_142000.fits,e58e93cb333ffcd69dad0eefe9efd91d8f689830c64d15500cb51518553fe37d,1016640,2017-04-03T14:20:06.640000Z,193,1024,1024,0.689326,true
2017-04-03/0193/aia_synoptic.0193.20170403_142200.fits,https://sdo.oma.be/data/aia_synoptic/0193/2017/04/03/aia_synoptic.0193.20170403_142200.fits,4c292b9d000f242c45e545fad09b652dd4641ab3c1cb3d52ec2d5b38a75dbe6c,1128960,2017-04-03T14:22:05.230000Z,193,1024,1024,1.713333,true
2017-04-03/0193/aia_synoptic.0193.20170403_142400.fits,https://sdo.oma.be/data/aia_synoptic/0193/2017/04/03/aia_synoptic.0193.20170403_142400.fits,e58d13391c65a92f7001f9154d01ffd4dca420fe678281c0e061a0bc1a0539e4,846720,2017-04-03T14:24:07.430000Z,193,1024,1024,0.115658,true
2017-04-03/0193/aia_synoptic.0193.20170403_142600.fits,https://sdo.oma.be/data/aia_synoptic/0193/2017/04/03/aia_synoptic.0193.20170403_142600.fits,2cd735930f680fdb55dc2d649db2f0943db0562b9b2ec03706f146a79400d15b,809280,2017-04-03T14:26:07.490000Z,193,1024,1024,0.069361,true
2017-04-03/0193/aia_synoptic.0193.20170403_142800.fits,https://sdo.oma.be/data/aia_synoptic/0193/2017/04/03/aia_synoptic.0193.20170403_142800.fits,10598a7e0941bba2ce2b671b67afeebe5382050d975b0f71dc51ea4bc3be23aa,760320,2017-04-03T14:28:06.780000Z,193,1024,1024,0.029327,true
2017-04-03/0193/aia_synoptic.0193.20170403_143000.fits,https://sdo.oma.be/data/aia_synoptic/0193/2017/04/03/aia_synoptic.0193.20170403_143000.fits,d289edef97acd2175b94b82f477274c1f5095119ea8591532c813280d5c3faa6,745920,2017-04-03T14:30:07.080000Z,193,1024,1024,0.019546,true
2017-04-03/0193/aia_synoptic.0193.20170403_143200.fits,https://sdo.oma.be/data/aia_synoptic/0193/2017/04/03/aia_synoptic.0193.20170403_143200.fits,3f54fac9b3803ccd43d92b30b96baa8effe304937c19b97408f75a5511a34ac7,823680,2017-04-03T14:32:07.480000Z,193,1024,1024,0.084562,true
2017-04-03/0193/aia_synoptic.0193.20170403_143400.fits,https://sdo.oma.be/data/aia_synoptic/0193/2017/04/03/aia_synoptic.0193.20170403_143400.fits,52055ffa43649d5d981235da2ffb502f0238f0f818c617e049cad27d094907cb,768960,2017-04-03T14:34:06.620000Z,193,1024,1024,0.034186,true
2017-04-03/0193/aia_synoptic.0193.20170403_143600.fits,https://sdo.oma.be/data/aia_synoptic/0193/2017/04/03/aia_synoptic.0193.20170403_143600.fits,014b3d307f1184bc9fa848d1ad4c2b29784f327fc91411ea2d9e91d70bd99388,864000,2017-04-03T14:36:07.400000Z,193,1024,1024,0.148046,true
2017-04-03/0193/aia_synoptic.0193.20170403_143800.fits,https://sdo.oma.be/data/aia_synoptic/0193/2017/04/03/aia_synoptic.0193.20170403_143800.fits,8b7a0d5d18de6f2147ef50f04b92f8c90d30123e7a2cb62de926609a99ee6c44,944640,2017-04-03T14:38:07.100000Z,193,1024,1024,0.361202,true
2017-04-03/0193/aia_synoptic.0193.20170403_144000.fits,https://sdo.oma.be/data/aia_synoptic/0193/2017/04/03/aia_synoptic.0193.20170403_144000.fits,3b9f14163106301de3bf1376421e3b8caa2bf8b3aa6a70aadee7c256bc9d9465,864000,2017-04-03T14:40:07.390000Z,193,1024,1024,0.148043,true
2017-04-03/0193/aia_synoptic.0193.20170403_144200.fits,https://sdo.oma.be/data/aia_synoptic/0193/2017/04/03/aia_synoptic.0193.20170403_144200.fits,ac722ba586c2bf20ac32c381c73e754703b4b0d1c7e8d96901f78490dc74d250,944640,2017-04-03T14:42:07.100000Z,193,1024,1024,0.361203,true
2017-04-03/0193/aia_synoptic.0193.20170403_144400.fits,https://sdo.oma.be/data/aia_synoptic/0193/2017/04/03/aia_synoptic.0193.20170403_144400.fits,b862dc3e957844a27eec79be7c8b61d044051899a7548b974530676345284050,864000,2017-04-03T14:44:07.390000Z,193,1024,1024,0.14804,true
2017-04-03/0193/aia_synoptic.0193.20170403_144600.fits,https://sdo.oma.be/data/aia_synoptic/0193/2017/04/03/aia_synoptic.0193.20170403_144600.fits,2e1995f092f5709f4601ca2e4d56bd3839f1d80bc9497805d3725763d5707a41,947520,2017-04-03T14:46:07.090000Z,193,1024,1024,0.373493,true
2017-04-03/0193/aia_synoptic.0193.20170403_144800.fits,https://sdo.oma.be/data/aia_synoptic/0193/2017/04/03/aia_synoptic.0193.20170403_144800.fits,8f41ba27e6021e1fdfce0e486a7fdf8db73355c7a286ae9cd66d2f787f72b995,1051200,2017-04-03T14:48:06.320000Z,193,1024,1024,0.926456,true
2017-04-03/0193/aia_synoptic.0193.20170403_145000.fits,https://sdo.oma.be/data/aia_synoptic/0193/2017/04/03/aia_synoptic.0193.20170403_145000.fits,f213030a57586b1c6e7db13487fa57142a00b1aa1dd2c2e92ba662557f65f6f4,950400,2017-04-03T14:50:07.070000Z,193,1024,1024,0.381686,true
2017-04-03/0193/aia_synoptic.0193.20170403_145200.fits,https://sdo.oma.be/data/aia_synoptic/0193/2017/04/03/aia_synoptic.0193.20170403_145200.fits,a01a14e2927fe8c474d416e43967e29d7d14d8237188bf92529739da64c289e0,1054080,2017-04-03T14:52:06.280000Z,193,1024,1024,0.95103,true
2017-04-03/0193/aia_synoptic.0193.20170403_145600.fits,https://sdo.oma.be/data/aia_synoptic/0193/2017/04/03/aia_synoptic.0193.20170403_145600.fits,3ec953accf4283c46b3766a27a466272413d65ebbaad52e0d614b0dc3ab6acca,1056960,2017-04-03T14:56:06.250000Z,193,1024,1024,0.975609,true
2017-04-03/0193/aia_synoptic.0193.20170403_150000.fits,https://sdo.oma.be/data/aia_synoptic/0193/2017/04/03/aia_synoptic.0193.20170403_150000.fits,6d440dcc99dfb1036e7b9119d954aa26931aa4fc6ab40581f841057f053c3b2a,1149120,2017-04-03T15:00:04.830000Z,193,1024,1024,1.999651,true
2017-04-03/0193/aia_synoptic.0193.20170403_150400.fits,https://sdo.oma.be/data/aia_synoptic/0193/2017/04/03/aia_synoptic.0193.20170403_150400.fits,0eb1ecbc234b2b7fe7fa89a28c626191808b9388846c8cf2b944c1bf56261da8,1152000,2017-04-03T15:04:04.840000Z,193,1024,1024,1.999612,true
2017-04-03/0211/aia_synoptic.0211.20170403_140400.fits,https://sdo.oma.be/data/aia_synoptic/0211/2017/04/03/aia_synoptic.0211.20170403_140400.fits,705a8f8fd3456d8db50e6884164a63071656ef441d938b33a0f90485e87bda42,1022400,2017-04-03T14:03:57.630000Z,211,1024,1024,2.900767,true
2017-04-03/0211/aia_synoptic.0211.20170403_142000.fits,https://sdo.oma.be/data/aia_synoptic/0211/2017/04/03/aia_synoptic.0211.20170403_142000.fits,63969d0a9d5f95f0515f5b320bee9bbf7086e6380f58d5032a640b881e200638,1025280,2017-04-03T14:19:57.630000Z,211,1024,1024,2.900771,true
2017-04-03/0211/aia_synoptic.0211.20170403_144400.fits,https://sdo.oma.be/data/aia_synoptic/0211/2017/04/03/aia_synoptic.0211.20170403_144400.fits,4ad089f59566d152d20bb4f92910c4bd749fdd3558df6fc201dc8af132651fe9,1025280,2017-04-03T14:43:57.620000Z,211,1024,1024,2.901163,true
2017-04-03/0335/aia_synoptic.0335.20170403_140400.fits,https://sdo.oma.be/data/aia_synoptic/0335/2017/04/03/aia_synoptic.0335.20170403_140400.fits,b62c04a23ef498bf5a9a19e8623aa7624f567ed5843035ee2048e5c18db4d07b,740160,2017-04-03T14:04:00.620000Z,335,1024,1024,2.900829,true
2017-04-03/0335/aia_synoptic.0335.20170403_142000.fits,https://sdo.oma.be/data/aia_synoptic/0335/2017/04/03/aia_synoptic.0335.20170403_142000.fits,37a8e578190c5da0ccd21501e34aa00c88609da5b341f62f62336b6399193ccc,740160,2017-04-03T14:20:00.630000Z,335,1024,1024,2.900824,true
2017-04-03/0335/aia_synoptic.0335.20170403_144400.fits,https://sdo.oma.be/data/aia_synoptic/0335/2017/04/03/aia_synoptic.0335.20170403_144400.fits,5c7e9492439e1f829a049fee221da8b67f6ea2c1a4d38373689ab62d730bed57,743040,2017-04-03T14:44:00.620000Z,335,1024,1024,2.900762,true
